"","horizon","1","4","5","6","baseline_expex_lv","baseline_last_val"
"1",7,10589.4566547753,10819.1276117151,11780.9884660369,12030.4341963722,14987.6864394167,12645.6233124105
"2",14,19772.6745304136,24045.0700328221,28170.6207991989,23403.5387292544,37808.0640552281,24051.3376766745
"3",21,31387.9853354269,40589.8078750375,46496.7343392334,37688.0276881941,63242.6363475906,34568.1397037789
"4",28,43179.9941629719,60294.8636072065,69179.2015084991,53028.2374760118,97929.3617846712,44394.5446366657
