"","horizon","1","4","5","6","baseline_expex_lv","baseline_last_val"
"1",7,3597.05022702974,2404.02686973966,2346.03939517155,8864.85597639483,3156.22531703915,4132.46551724138
"2",14,5888.12966080517,5017.7284366819,5088.72965131465,12028.4283058082,6380.39445966782,6321.74568965517
"3",21,10929.3965861918,10375.4789380022,10224.6237960707,17622.4501378944,11383.5029805922,9542.69827586207
"4",28,16014.5697122487,16008.1102012022,15880.6199973444,24365.351500494,17269.6551089054,11683.8405172414
