"","horizon","1","4","5","6","baseline_expex_lv","baseline_last_val"
"1",7,3649.5334348569,2400.94909096034,2350.70131489009,7465.4833440875,3156.22531703915,4132.46551724138
"2",14,6007.18101969138,4787.44403892241,5190.23807776293,12236.9055773849,6380.39445966782,6321.74568965517
"3",21,10937.9985658681,9923.32766754698,10329.0986606388,20782.4490941728,11383.5029805922,9542.69827586207
"4",28,16189.7775503763,15198.9857605858,15992.735194106,30142.0027923565,17269.6551089054,11683.8405172414
