"","horizon","1","4","5","6","baseline_expex_lv","baseline_last_val"
"1",7,4079.63328962241,3077.50098401379,3502.80394238947,5342.75043320388,3156.22531703915,4132.46551724138
"2",14,6454.52847480086,5973.73783390819,5530.30786172742,9304.86216717198,6380.39445966782,6321.74568965517
"3",21,10716.2934190983,11226.9370581483,9738.04054286333,15335.978248972,11383.5029805922,9542.69827586207
"4",28,14258.8250165543,16911.7665668353,14513.3596782219,21242.6038772556,17269.6551089054,11683.8405172414
