"","horizon","1","4","5","6","baseline_expex_lv","baseline_last_val"
"1",7,10771.8596000327,10912.8305952812,11952.8794254927,11697.291627826,14987.6864394167,12645.6233124105
"2",14,20528.7920628125,24269.4462629417,28952.9378608111,23393.4663622646,37808.0640552281,24051.3376766745
"3",21,32974.5219112489,41199.9004769686,48235.3456964482,37938.4213665651,63242.6363475906,34568.1397037789
"4",28,46220.6953862506,61459.8056577132,72559.2151386025,53659.252820815,97929.3617846712,44394.5446366657
