"","horizon","1","4","5","6","baseline_expex_lv","baseline_last_val"
"1",7,3555.05156302371,2364.88390693578,2312.22205787888,9266.43625899612,3156.22531703915,4132.46551724138
"2",14,5861.66920673147,5015.13059977069,4998.93805547112,12289.3726454668,6380.39445966782,6321.74568965517
"3",21,10950.6520048629,10344.5244082931,10057.1330261388,18322.8382180586,11383.5029805922,9542.69827586207
"4",28,16314.4151687629,15971.9092284608,15628.1555008056,25762.7012590405,17269.6551089054,11683.8405172414
