"","horizon","1","4","5","6","baseline_expex_lv","baseline_last_val"
"1",7,10986.4602408703,9323.14992057915,10470.6342544458,17315.4642977997,14987.6864394167,12645.6233124105
"2",14,17961.9622759017,21644.4000486124,26507.3986540712,26144.0732164958,37808.0640552281,24051.3376766745
"3",21,27822.9425983001,37047.2885325313,43710.4189555055,37724.4611719621,63242.6363475906,34568.1397037789
"4",28,36953.8488861963,54826.8298508342,64820.7814048016,49103.3833199329,97929.3617846712,44394.5446366657
