"","horizon","1","4","5","6","baseline_expex_lv","baseline_last_val"
"1",7,13400.5361299027,12101.9368425258,12547.9530066839,16959.6725518135,14987.6864394167,12645.6233124105
"2",14,23596.8655709616,25498.268422774,31378.2608291951,27980.7575058641,37808.0640552281,24051.3376766745
"3",21,36688.045025697,41351.9231629343,51821.2720934888,42241.1982521968,63242.6363475906,34568.1397037789
"4",28,50467.8055567022,60544.8042689208,78006.8730069286,58621.8090906403,97929.3617846712,44394.5446366657
