"","model","interval_score","sharpness","underprediction","overprediction","coverage_deviation","bias","aem"
"1","1",1213.88278534733,77.9654109899632,760.069762366499,375.84761199087,-0.451789896286383,-0.162295081967213,1464.02317543849
"2","2",1511.6761077905,101.687030092606,699.664141861662,710.324935836236,-0.47039143526263,-0.100702576112412,1840.26306666174
"3","3",1535.13245326628,100.419686115758,734.532378571246,700.180388579279,-0.469053195048511,-0.110444964871194,1861.61356263888
"4","4",1533.30818836175,100.465872296989,736.480398456214,696.361917608546,-0.469989963198394,-0.115925058548009,1861.12984870512
"5","baseline_last_diff",887.033245068351,115.872847106056,344.041680850704,427.118717111591,-0.317832050853128,-0.162435597189696,1219.10972757602
"6","baseline_last_gen",955.123071052271,115.872847106056,445.897167945335,393.35305600088,-0.368952827032452,-0.0662295081967213,1298.85257348805
