"","model","interval_score","sharpness","underprediction","overprediction","coverage_deviation","bias","aem"
"1","1",2294.16107554693,113.872538103159,1052.36333984807,1127.9251975957,0.168191721132898,-0.0130718954248366,2667.50237492859
"2","2",1979.53228813298,76.9230892689854,790.56562726813,1112.04357159586,0.168814192343604,-0.037962962962963,2236.73057802288
"3","3",1957.66196709987,78.3256488264472,793.70554213352,1085.6307761399,0.168502956738251,-0.0398148148148148,2218.18694049564
"4","4",1953.32672589811,78.0849910786259,795.898227065826,1079.34350775366,0.169047619047619,-0.0391339869281046,2217.64806004902
"5","baseline_last_val",6514.3,0,4154.78425925926,2359.51574074074,-0.427645502645503,-0.0546296296296296,6514.3
"6","baseline_linex_lv",7642.73148148148,0,4816.88425925926,2825.84722222222,-0.428571428571429,-0.303703703703704,7642.73148148148
