"","model","interval_score","sharpness","underprediction","overprediction","coverage_deviation","bias","aem"
"1","1",28309.6285222805,1747.83248550737,16862.1780087153,9699.61802805788,-0.447921390778534,-0.11005291005291,33647.3740944686
"2","4",30905.8065159659,1673.66646918367,14121.6273508747,15110.5126959075,-0.464928193499622,-0.0903439153439153,36442.8809953773
"3","5",35362.4729335776,2809.71066019218,15077.8028325866,17474.9594407988,-0.452078609221466,-0.146957671957672,43792.6898931393
"4","6",27781.5594330146,2100.4868942842,13020.9849284704,12660.08761026,-0.448677248677249,-0.0637566137566137,34035.6910104042
"5","baseline_expex_lv",50445.5898769058,1257.83255142205,15442.0747018827,33745.682623601,-0.535222978080121,-0.0276455026455026,54857.7609153851
"6","baseline_last_val",26847.9873197382,846.052893715782,17362.7903662075,8639.14405981495,-0.506122448979592,-0.0402116402116402,29718.4020932203
