"","model","mad","bias","dss","crps","log_score","ae_median","se_mean"
"1","1",2322.39964892153,-0.0230324074074074,77.7646384186657,9184.08518918889,Inf,10330.3020520833,423267161.734078
"2","4",1486.38430218056,-0.159398148148148,163.65802385332,8667.11368605776,Inf,9431.75047511574,462758533.780179
"3","5",2330.80005708958,-0.180231481481481,187.337879372619,9077.13092714444,Inf,10208.9209612269,533138268.931979
"4","6",2555.20973837743,0.0189351851851852,110.658292318014,11297.6025805197,Inf,12546.9881915509,715636537.886513
"5","baseline_last_val",0,-0.0694444444444444,NA,8142.875,NA,8142.875,237812937.673611
"6","baseline_expex_lv",0,-0.168981481481481,NA,9612.73319900072,Inf,9612.73319900072,476034947.243233
