"","model","interval_score","sharpness","underprediction","overprediction","coverage_deviation","bias","aem"
"1","1",8664.77786298776,508.964874743717,3270.44284148479,4885.37014675926,-0.485383597883598,-0.0246527777777778,10303.8468275463
"2","4",8370.60562388889,319.213988191138,3395.47136210317,4655.92027359458,-0.49265873015873,-0.169560185185185,9423.65289641204
"3","5",8608.79836934359,508.560801734458,3469.95288920304,4630.28467840608,-0.486706349206349,-0.180439814814815,10227.6194033565
"4","6",10774.9582581556,539.634050384425,3328.08205653108,6907.24215124008,-0.48505291005291,0.0152777777777778,12516.0463385417
"5","baseline_expex_lv",9612.73319900072,0,3748.90034559789,5863.83285340283,-0.628571428571429,-0.168981481481481,9612.73319900072
"6","baseline_last_val",8142.875,0,5193.48032407407,2949.39467592593,-0.627414021164021,-0.068287037037037,8142.875
